run,stage,duration_sec,gas_used,gas_price_gwei,cost_pol,tx_hash
1,dataset,5.21,187278,0,0.005618340011798514,a9440adec9e29d0ea1f00a9a570f70b157f5d095268c8d619c83e6510e83ef2c
1,environment,5.33,187326,0,0.005619780011801538,816e5b21907ecca8777f4042c6d9fe54dadbb1de30ac6450819d11495e10db75
1,cleaning,7.58,266088,0,0.007982640016763545,f6d70af7ee1e77089a4523bb991afc386bcdb7dbc39f36cc7e52991a3e8fd2a7
1,training,9.78,266076,0,0.007982280016762789,10a411970aae0a185c5d326bfe8658d7877712bae6f4c90dfe1f5ccefe30b856
1,model,5.11,236597,0,0.007097910014905611,1c98e069d489ea55c0bc737da4b125c3eba53a2249a8e71f4c6db99e4e0d95bf
2,dataset,5.01,187278,0,0.005618340011798514,3f4d476a4566d34a6181accaf815a0b9b7207cdddb2f72d7d42d2f463e350056
2,environment,6.22,187326,0,0.005619780011801538,8bcd3d6400bdfb4a84e6067dc4be986ba2454bea7edfd5ef7d8854208628a7e1
2,cleaning,8.68,266076,0,0.007982280016762789,a6b08757add591dfcd84e324c51ada3ee7a59a37015b630e2aa3b388efa948ea
2,training,10.59,266076,0,0.006651900016762788,857e0ff6df805f7e296eb633fa9fc2b81be046000f6e8270a9b134c6cf036c78
2,model,5.51,236609,0,0.005915225014906367,809d8e94a61a85f9a691a1d256df316acf8e28a573b397e36da21174b257e5fc
3,dataset,5.11,187278,0,0.004681950011798514,37f52de7ffdca476c13a814bec32a24132d2dd50421e5be450784b652ee0c94b
3,environment,5.91,187314,0,0.005619420011800782,58bc334d1014102b5342b90a94f24bae14a2d8596ddeaf2a0a65b04b1146a940
3,cleaning,8.26,266076,0,0.007982280016762789,867a84350328589e4eadbb59f0f89a90ef4c45b3d24a6e515f12a6537ed0d4e6
3,training,9.2,266064,0,0.007981920016762033,d1b6e68a2d313ef1af341c56c4435c4b356d0a11b0f4f7c1e88fb4df0923dc3c
3,model,5.2,236597,0,0.007097910014905611,181c946d744c3074941655b1c1bc497d6f58dc4e72e8ee064dc36d4951969e2d
4,dataset,5.1,187278,0,0.005618340011798514,7cc67201df4f2a2deac17992c6224ae7bdb1700a9666f69346dce1f6bc5e0187
4,environment,5.59,187326,0,0.005619780011801538,90195eb0535dcdbe43f9156333ea6bba24e6b1fc117e3ef9610bbfef2e89e5a4
4,cleaning,5.91,266088,0,0.007982640016763545,c72c334087f851f2895cc40950ee8c975c3bf7a54d5b4e5832b741b8f83472cc
4,training,9.49,266076,0,0.007982280016762789,e3dea1dc62eebab074a319571f1a6ca0a87e8a034160bcde210b85ff925135bd
4,model,5.12,236597,0,0.007097910014905611,45b1a6f1fd9aaaab061cde160c26241e9175f1e1439f94d5a39d9b09064bd908
5,dataset,4.32,187278,0,0.005618340011798514,c5e81732d26846df023f59674fbb31eb7758fc6234dbd64ccfd65a6c2cad7f5c
5,environment,5.02,187326,0,0.005619780011801538,aaeac631762f1cd3300c1561eb2d61f16a85efd517e9ddd2d02c1be91b30787b
5,cleaning,7.05,266088,0,0.008514816016763543,edca41e7757a2e9901d19174358004d8fe45a00ba48ae6bc775ea093d9e3c82d
5,training,8.29,266088,0,0.008514816016763543,1fa85baadeea9f1d605aa95dae61d19e307f01c7a66246bbfa0b2d5b39f8a5c7
5,model,4.58,236609,0,0.007571488014906367,a6f00c52772261ca9be92475d31b77f9a8eaa6365cfd0b4d160ab276f22e2ec5
6,dataset,5.52,187278,0,0.005992896011798514,850ba8905b69f091df6153dd59e73864a608642d28338d09ec5a3638124dde5f
6,environment,5.12,187326,0,0.005994432011801538,07427323fed960b58a931fc12615fd76e9412c0dd9f95743251ee546c4eecae2
6,cleaning,7.1,266076,0,0.008514432016762788,d15c0174da6afa6ec77337c2066e37514ce12ac76eba26c91e4c06bee2e9d29e
6,training,9.05,266076,0,0.008514432016762788,087147d51508029d288ffd72d06a47fd9856df985ddef5fc3d778d3fd89de4c2
6,model,4.39,236609,0,0.007571488014906367,795426c41399728b57853225c6898e5a12e634e96f6e45b6ece7caca248de439
7,dataset,5.66,187278,0,0.005992896011798514,7252d9ffa5b1a0a58295bb04517eb0eb7c600c14788a05d6588d6e7796f477ab
7,environment,4.91,187314,0,0.005994048011800782,6c7044064652b6adeec7a0de771e0d7f6affc163ca9722bb97536fbb29cc5a3a
7,cleaning,6.8,266076,0,0.008514432016762788,4ff81d84c24b00f9c316b8dd4f9907f5a0936e7c1e6d175b8c93beded04cbf13
7,training,8.14,266076,0,0.008514432016762788,00d1994eaedd313f7b38216fe511404c0444ac5b2fbe8de9d97a28b7d8169f1b
7,model,5.06,236609,0,0.007571488014906367,4c6d2387b9880659660f0b09feafdd7e042aca28d2f925c3219f475c04d837a4
8,dataset,5.18,187278,0,0.005992896011798514,9a7bbac15b4eeb7b331fa0702c8a0938ffe8a7ee0e419651a045163d1c5cb8d9
8,environment,5.51,187326,0,0.005994432011801538,7b6f4b45fcd5306179ca34cdae34e61ae14e3e33fe3aebeed0f777ad997fef68
8,cleaning,6.74,266088,0,0.008514816016763543,287b2420887ef878986a33dd05fecfbf05c13a7b9d368ac0ed2aaa27d97de4b5
8,training,8.78,266088,0,0.008514816016763543,d7af6de63b4ed21c582a8f13825208da4f2a782297d835a1c4d49b4568340ce1
8,model,4.4,236609,0,0.007571488014906367,91bcfdab6440995eff63805227124ab522e6b708309d0a6e5687ff6bdf6efe79
9,dataset,5.05,187266,0,0.005992512011797758,dcf25859221d912a194f30c5d432fcd00ba4519b7023907bdb7b22e64c1793db
9,environment,4.43,187326,0,0.005994432011801538,605ea10af41f9825ceba270332ecc5d8b1592a3e2fe74adcbade1daf4a41676b
9,cleaning,7.6,266076,0,0.008514432016762788,6e46b01c420a983b03bf8c1823007812d16c1e3a156dbddd2d293ffeb44ba97e
9,training,9.18,266088,0,0.008514816016763543,7917e8d2a8d04ad815359f66ec91477f6b50e762dd2767a5bc12c1fcaae69887
9,model,4.93,236609,0,0.007571488014906367,8580d5de7a712a30109a2b17bed81bf7d5f2f56caa65953945c0146ac9f4459b
10,dataset,4.56,187278,0,0.005992896011798514,c7b9fa41938213a6542e828c292b128455bd4bb4157ef729673f21704fc96149
10,environment,5.79,187326,0,0.005994432011801538,b07533400c5abd56343e18713d70b865b6d5155c477a6e41d4b5ca574d42939d
10,cleaning,7.32,266076,0,0.008514432016762788,8e3d8988a1cef39f0a860612d2a2dc763e898a9223620cd0821eb169380b0a4b
10,training,8.56,266076,0,0.008514432016762788,7d9758356557b7d209e323bf7e06f3034de9b084243241a0a2a4ed51cda70d81
10,model,3.4,236609,0,0.007571488014906367,d341fefbd525a91785c9806e9b673a6494c6ed75e89ce7ae6863e08b0ed4073f
11,dataset,5.15,187278,0,0.005992896011798514,385656348ea0fc8f9802351775b4bc61012c02b1e028c80ffda3c2256dbcd4ac
11,environment,6.68,187326,0,0.005994432011801538,2a8935a9e33dcfdafed3a9c534a0489d49cea530dd34c761cfb345e6e2038aa4
11,cleaning,6.43,266088,0,0.008514816016763543,15dfa9f9ffabb19743659ac0b1ad1d622cce1524b56421091d9fbc18728ff27d
11,training,10.32,266076,0,0.008514432016762788,b3701e11d24e0287d744099f8b9eadefd8af795b53f0e70efd37f4de9751b041
11,model,4.11,236597,0,0.015142208029811222,259eb9527256f72319de08a5eec5721172b932077bacb9bf5be7a270462ace0d
12,dataset,5.04,187278,0,0.011985792023597027,7adf6957be54302442c4947311a5403f671d80ad99cc28b99df84f5e36d20c84
12,environment,4.75,187326,0,0.011988864023603076,4e25680256f43f14818a798e02c1e2e753994b0d4e993623d3a097e1af4bb1d9
12,cleaning,7.7,266076,0,0.017028864033525576,f5393e45b9d4a7ded280db464966cf3f9c7c3994b975e96c6b3736f122504783
12,training,8.6,266076,0,0.03405772806705115,7569bb064f61e1f889dec0768d17a2c797b5c40bdbe97526c375021497432744
12,model,4.76,236609,0,0.03028595205962547,680d5648f7d05ad41faceb8c7d4c96589189e7a392230ffe4a1147ed70489a17
13,dataset,5.36,187278,0,0.023971584047194055,79475b401ab816b23ea96702afd15170f59d62224ed912f5540631f5d2f5ee32
13,environment,4.99,187326,0,0.023977728047206152,67bc3c2ebe710e078466de06456ed3587f6329d3184b6a7b5f3f919b87f6ab65
13,cleaning,6.98,266088,0,0.034059264067054174,893afa34455c4898410c296fbdf591a7d8f361962c79ac6ecc788b7a204d3f43
13,training,8.75,266088,0,0.034059264067054174,6270228a2611389f5d3b4645e745d79845fa1b32893da6e9082ca781b041cf8a
13,model,5.07,236609,0,0.03028595205962547,19afa1cd5aa0de4135b7f8c06a985f32a5199adefe722f781413076238513f54
14,dataset,5.21,187278,0,0.023971584047194055,da37984f25c42ba76dd9b8d468ef73ff84d3c3136a8c398d09f7f47741c6f64a
14,environment,4.5,187314,0,0.023976192047203127,ebc5bedaa3756950530517d99a93dd1a1a56b44067f37c762c5c14cd0f0abdd6
14,cleaning,7.73,266076,0,0.007982280016762789,b3f136a1ab1f92f3fbe145099ec29b771deb19f15fb37091a96af1c1b604545d
14,training,8.89,266076,0,0.007982280016762789,8c4bba8dc51b3cf8d596e4c7695904f411bf71d5e4d32adafb22b504bce07993
14,model,4.78,236597,0,0.007097910014905611,044b65451664638f282d9b82e787d13a08b18349bde33bae6d8f514f72cd3e87
15,dataset,3.7,187278,0,0.023971584047194055,79f506b10130c7ddb9a1a4623c9e63d8cffe3f481ae4c2cdeb95d6f0da640f53
15,environment,6.2,187314,0,0.023976192047203127,369f98806210e411ec3eaf5a3ab3a6be10670febbac27194174039a67df772d8
15,cleaning,6.89,266064,0,0.03405619206704813,545eb728b77a18ae898dd362d8ace55fc1dcb7d8805ba3f77eeb6fac2ded77c2
15,training,7.88,266064,0,0.03405619206704813,5323adae64171cf76b2bed3817b3274c9c03cf758053f3ff6ec5500aee201336
15,model,4.78,236609,0,0.03028595205962547,2c383f33214606c611936897d2ec7c2b711bf408fac0bd91793405a514d9bf3d
16,dataset,4.36,187278,0,0.023971584047194055,076140797e1106ce8e55ac30f3349966077eee311c2d203713f7121e137d89ad
16,environment,5.07,187326,0,0.023977728047206152,070d43e7da6b318e757ac5127656e8efbaaa32acd7caba1ddcecdefe72a6bbd7
16,cleaning,7.35,266088,0,0.034059264067054174,713b70bda628f9c6621686dcac997780a142f7736f435f4431e3b3365e8c7372
16,training,8.91,266088,0,0.034059264067054174,34002e7b723d5b0b096e45be8fa8377b8c32c16ffaca8e8e835c994c30defe43
16,model,4.98,236609,0,0.03028595205962547,cd9c6a5fe62a4116d15d89aabe31440914a764715ddf2848cb2aa1d8a5568f20
17,dataset,4.39,187278,0,0.023971584047194055,3bae0f247f827360d6ae0c2c09c8e3b1bcaf860cd0d970d912886b1938bb58ce
17,environment,6.31,187326,0,0.023977728047206152,a9247850a1a8c202bfe2eb95223b10a5c5ed5ac87416a5537f5dd656c55b0986
17,cleaning,6.95,266088,0,0.034059264067054174,72d1a76e37f7a274818928ce44ead1997000e1744f63a415ed80787334def21c
17,training,7.89,266088,0,0.034059264067054174,294c95a8156244e1d0ba4a011289b2e8c278871fb110be4da2c8c471b7e8d035
17,model,4.08,236609,0,0.03028595205962547,700b7be307d42690664e98611c9078c670e6d13bfe348e50608c7edb32f831a5
18,dataset,4.83,187278,0,0.023971584047194055,85e236f74d923aa81642b15de8012ec7189fae9eebdf68f095c23e6fe06a6f02
18,environment,4.67,187326,0,0.023977728047206152,14f601cac600a48a700d821f85cab43f1620d05e3b836a8234dfef813f634dd5
18,cleaning,7.75,266088,0,0.034059264067054174,226a89cf1133d7b037032e8b43c465fdf50c5d3a5382f4294a599bc5f2da96c7
18,training,7.93,266088,0,0.025012272041775818,d2e9a315046bf8d82f6c9e407a6be9d03bddeb31d220ea2b5957e90794171583
18,model,3.85,236609,0,0.01183045,d4a4611cf95cfb4576e2d32acf9e5de9a91d3b2684f757e641bc138660daed01
19,dataset,4.88,187278,0,0.0093639,43a7922e3d4ad655851c6e731d34d1732ffb3d3a98de8f7b71222fa39309c0af
19,environment,4.64,187326,0,0.0093663,3e34c44a8e66573311f529976a537b8de6dd2f35c83ba986608b9349f5029fdd
19,cleaning,7.38,266076,0,0.02501114404177393,9f7fc7ba2efe92f012379feb8a9e52c28d92e5e7e86c1feca727a9d48c52375e
19,training,9.06,266076,0,0.015964560016762788,e2ed68028c7dbf19bebf1f6b7675e9264d3a091ccde2aa407555b7637b9e78c6
19,model,5.05,236609,0,0.014196540014906367,bec3ecc28d485be7d9dd714369d1d86cc44038b2b73864bb8b2f167bf6ba54e1
20,dataset,4.69,187278,0,0.011236680011798514,6134be758a8d47980f83e02a5f2fd26c97042247287b9801fdf2249fcb35f73c
20,environment,6.54,187326,0,0.011239560011801538,967ce5995abdf1a61b620873ff3e41fb4e59213afa91d521364d0d836f0ed24f
20,cleaning,8.31,266076,0,0.015964560016762788,7d837078f8dc333fd57541cc1460e4933d4d38faef862a1e0b729adcdb4cc89e
20,training,9.16,266076,0,0.015964560016762788,a4f100ef3407c1b41a7df647d75f68c7cb8ad9e97e0f9123814cf6f8c2e1cfac
20,model,4.24,236609,0,0.014196540014906367,700a1223dad1c74bae5aaff05e57eb6290077c38eae5f9ba37483da1dc896ef8
21,dataset,5.27,187278,0,0.011236680011798514,db557fdec7f0484f0720cffbe4559b815fada91e20d6b0b19566c8c4dcd73a1e
21,environment,4.58,187326,0,0.011239560011801538,1541d42821f602303cd44e5e001ce3a25ed7274f01c74c64e36cd9b78b746a19
21,cleaning,7.46,266088,0,0.015965280016763544,c3d62a863ec12ce53396cba4582225830d20d56edcdf216867c2aa1c5d104499
21,training,8.99,266076,0,0.015964560016762788,8816e343f7758bf4e38a2087fd0df74118aa395e84223f4cb3e8d3e5f796a6d8
21,model,5.85,236585,0,0.014195100014904856,6b0dac6d0a5736b40dac6245ccb55db2fcbb74a2e2b18dc6e8c60c58973ccd45
22,dataset,4.61,187278,0,0.011236680011798514,314029414b0ed661b39fb83747e870b0ca762f59cb68f47c87c2f4d8adb0fc5b
22,environment,5.39,187326,0,0.011239560011801538,921b56083b3fb7cf21a5f104800f9942e3c4d0f140ce17aa2e0a0f3c8d59e46c
22,cleaning,7.37,266088,0,0.015965280016763544,52cc424aa85a80ab40bb45393efd02339c101071598f65cf9839fd89e6b12778
22,training,9.17,266088,0,0.015965280016763544,6079ac634d176350c6d7c9c02749bc15d2cd9bbeed5ab5ce8fc29c87a36a66c5
22,model,5.1,236609,0,0.014196540014906367,7b36d5d32f85eb1ff047330eed841f0f80b7ee3d47f3fe2b4356864112e29a96
23,dataset,4.32,187278,0,0.005618340011798514,e248df9035c99db79e63919d20d005566a709bebcd8581d6ac04588e1c4d1eae
23,environment,5.05,187326,0,0.005619780011801538,cbe89362a34927336b8aa822d934a325ed78c7b30467cfce768216cae2c414f2
23,cleaning,7.99,266088,0,0.007982640016763545,e3a6699ebb3fef947a3a19c06107dd064507b9e262d67c605522a289fe2d456f
23,training,8.84,266088,0,0.007982640016763545,cc8ca6973ef836857a85c3deecce9cdbb9dee641dd86903324716cdcac9a3400
23,model,4.15,236609,0,0.007098270014906367,916ba8c939db4932272e19b97913a5c50feb22dcca1df36bbf08b5f556316184
24,dataset,5.55,187278,0,0.005618340011798514,6f92b369c3d9057f7685f93629f5db262e59168201232dd2582eda88bbc6c5a5
24,environment,5.37,187326,0,0.005619780011801538,4b46c2e80870c06a67ef9259e464cfb722aab77962e81df7945fd0176d554348
24,cleaning,6.0,266088,0,0.007982640016763545,878d8ed958cb16cff4a65ef1dbc9c8d3bf7ea3099f01682a44c2dfdc68ba5537
24,training,10.14,266088,0,0.007982640016763545,7c7b5e2ac159526326b074e384cc1e4d68d231e595226ba37d8bf1be897a5aea
24,model,4.16,236609,0,0.007098270014906367,aa8153c303a849f0539574fdc34ddd9872a05465de939a31976dca5fd220f10d
25,dataset,4.48,187278,0,0.005618340011798514,3d30ee56701453083f32a8889ba3e110ef9c184341212a329a6629d9ac985e92
25,environment,5.32,187326,0,0.005619780011801538,b55862205252189f96e0d0a68a8e55781ad31e438b302d8e7ba5c8f579c2eef8
25,cleaning,7.73,266088,0,0.007982640016763545,c84d842e556983b10182cf6d4896cd4244ef4588ca76141b78e09f978cc0bb70
25,training,8.43,266088,0,0.007982640016763545,1f080f30bf790aa977936378dbe2f861d0d3ca6ad97d20e1348e4f5830b91b66
25,model,5.12,236609,0,0.007098270014906367,c3263caed678d0d4179e294c42ef66635af34dcd47aa2bac76a26ab63174b2fe
26,dataset,5.59,187278,0,0.005618340011798514,ef1c05529de847ca75d024ed36f435c4a6df22ff38337398a64879557e4cebb6
26,environment,5.02,187326,0,0.005619780011801538,8c49bd5e65f1b084c4ae41748ddf2f5b71013e84b72463dff17adacb2df758bc
26,cleaning,8.84,266088,0,0.007982640016763545,9f59568a58f62e091763c3c1e5832de63a53f4c606e84a882ae020721dfe7390
26,training,11.14,266088,0,0.007982640016763545,063e36bd97183a5d63627919687278414e5447892eaaf40326be688405354022
26,model,5.79,236609,0,0.007098270014906367,bcd66769c3d0796fb1ee6073d74ec1f542ae489f5d1f08bf5760ae29857d589f
27,dataset,5.28,187278,0,0.005618340011798514,91b964b98aabc37475abade6ccce8708307fdc368d5988734a8759b5f7df9a99
27,environment,6.59,187326,0,0.005619780011801538,223a3dbbd3f3aab355c2ccec78ec2b7a73eb9deae31b4177109b01f75bdfc03b
27,cleaning,7.7,266076,0,0.007982280016762789,b01249bb869cce19f65298778c0015aac7c65067e0d8f7c9557963eca2cd2bd4
27,training,9.02,266076,0,0.007982280016762789,67f0d20f42cd1cc79ec722600122ec213d6e11358f8272a61374c3ccade8fbde
27,model,4.35,236609,0,0.007098270014906367,2b38d7255c8c5796d5048891261029009ae77f53aedc3da9fa391516c48e7fda
28,dataset,5.98,187278,0,0.005618340011798514,0a3dd9f80543abf71846875112ad797ab814d655252b94f29bdd0ca971904fe9
28,environment,4.82,187326,0,0.005619780011801538,a7419e6cff56a4d9514994f42af8e472191b151ee218aa468c364db8c6ba62f3
28,cleaning,7.48,266088,0,0.007982640016763545,457a10bfa44075401bb08985b35c66dfc1ccae1576f0b604bad1c9b8c8fe9374
28,training,9.05,266076,0,0.007982280016762789,d4151c022d01abd3bc8378b3efd8b64d1d5dc8ab0dfa2ee26d50373ef1c74464
28,model,5.3,236597,0,0.033360177048265785,4536d5990ec1eb9a66983a260a9ce13c13c61f3509f9bce83d1c1f50efb8e412
29,dataset,4.13,187278,0,0.026406198038204712,a87b1a0ff9b229b785e6c129619e4926069e9b7deecd670304998f12c131f8da
29,environment,6.05,187314,0,0.026411274038212057,74877a87dea9a7e3b74b3375b04334d46a216bb96fca80a10f7f40e1f33cd496
29,cleaning,7.19,266076,0,0.0375167160542795,8ddd407f35054e4e1c0f723359f17309d62267ed4292409d6f2ae044d9fe889b
29,training,9.06,266076,0,0.02394684001676279,f877d3604680d6003d5ea74c7dd0a525a33253a4be017527d337276d23d84db6
29,model,4.86,236597,0,0.007097910014905611,d6d2425ee4a52705029ea324d0d651dd4a2c17f124148ed51b24089fa4d62430
30,dataset,5.54,187278,0,0.011236680011798514,eca5c3fc6762e9072d0a302050ab12d1b8497dbc74591349954f3198eefe59c4
30,environment,5.09,187326,0,0.005619780011801538,ef3985a8393f40f5fac566cdea9fd544792ef51b09c67cb1ce94df7ad5588cce
30,cleaning,8.57,266088,0,0.015965280016763544,753027c43d582c32f14bf54c7d4cb4025be79249472ff676cf146b98e67df59c
30,training,9.0,266088,0,0.015965280016763544,f816569ebaf80aa1f8d0362b5e1eb969e84aa1d003b65c918b6efb32a162cf8a
30,model,5.75,236609,0,0.010884014014906367,872a04161515de1ff1cadabcf3f374f7f782210d60af229c9b3206c601ca0548
